Workbook

Sheet ШАБЛОН_сводная
G1: =CONCATENATE("Приложение №3.",H1)
A7: =CONCATENATE("СВОДНАЯ СМЕТА №",H7)
E19: =SUM(E20:E25) | F19: =SUM(F20:F25) | G19: =SUM(G20:G25) | H19: =SUM(G20:G24) | I19: =H19-G19 | N19: =F20+F21 | P19: =ROUND(N19/O19*1000,0)
D20: =CONCATENATE("Смета №",H7,".01.01") | F20: ='смета 04.01.01_ПД_без БИМ - Фор'!E51 | G20: =SUM(E20:F20)
D21: =CONCATENATE("Смета №",H7,".01.02") | F21: ='смета 04.01.02_ПД_только БИМ_в3'!E55 | G21: =SUM(E21:F21)
D22: =CONCATENATE("Смета №",H7,".02.01") | F22: ='смета 04.02.01_РД_без БИМ - Фор'!E41 | G22: =SUM(E22:F22)
D23: =CONCATENATE("Смета №",H7,".02.02") | F23: ='смета 04.02.02_РД_только БИМ дл'!E43 | G23: =SUM(E23:F23)
D24: =CONCATENATE("Смета №",H7,".03") | E24: ='4смета_изыскания_ТК-17 - ТК-15 '!E56 | G24: =SUM(E24:F24) | N24: =G24 | P24: =ROUND(N24/O24*1000,0)
G25: =106370.94/1000
E26: =E19 | F26: =F19 | G26: =G19 | H26: =E26+F26 | K26: =SUM(K19:K24)
G27: =ROUND(G26*0.22,5)
G28: =G26+G27
C30: =SUBSTITUTE(SUBSTITUTE(PROPER(SUBSTITUTE(SUBSTITUTE(SUBSTITUTE(SUBSTITUTE(TRIM(SUBSTITUTE(SUBSTITUTE(SUBSTITUTE(SUBSTITUTE(SUBSTITUTE(SUBSTITUTE(SUBSTITUTE(SUBSTITUTE(SUBSTITUTE(SUBSTITUTE(SUBSTITUTE(SUBSTITUTE(SUBSTITUTE(SUBSTITUTE(SUBSTITUTE(SUBSTITUTE(SUBSTITUTE(SUBSTITUTE(SUBSTITUTE(SUBSTITUTE(SUBSTITUTE(SUBSTITUTE(SUBSTITUTE(SUBSTITUTE(SUBSTITUTE(SUBSTITUTE(SUBSTITUTE(SUBSTITUTE(SUBSTITUTE(SUBSTITUTE(SUBSTITUTE(SUBSTITUTE(SUBSTITUTE(SUBSTITUTE(SUBSTITUTE(SUBSTITUTE(SUBSTITUTE(SUBSTITUTE(SUBSTITUTE(SUBSTITUTE(SUBSTITUTE(SUBSTITUTE(SUBSTITUTE(SUBSTITUTE(SUBSTITUTE(SUBSTITUTE(SUBSTITUTE(SUBSTITUTE(IF(LEN(ROUNDDOWN(G28*1000,0))>6,ROMAN(MID(ROUNDDOWN(G28*1000,0),1,LEN(ROUNDDOWN(G28*1000,0))-6)+0)&" миллионов "&ROMAN(MID(ROUNDDOWN(G28*1000,0),LEN(ROUNDDOWN(G28*1000,0))-5,3)+0)&" тысяч "&ROMAN(MID(ROUNDDOWN(G28*1000,0),LEN(ROUNDDOWN(G28*1000,0))-2,3)+0)&" рублей",IF(LEN(ROUNDDOWN(G28*1000,0))>3,ROMAN(MID(ROUNDDOWN(G28*1000,0),1,LEN(ROUNDDOWN(G28*1000,0))-3)+0)&" тысяч "&ROMAN(MID(ROUNDDOWN(G28*1000,0),LEN(ROUNDDOWN(G28*1000,0))-2,3)+0)&" рублей",ROMAN(ROUNDDOWN(G28*1000,0))&" рублей")),"DCCC"," восемьсот"),"DCC"," семьсот"),"DC"," шестьсот"),"CD"," четыреста"),"XC"," девяносто"),"CCC"," триста"),"CC"," двести"),"D"," пятьсот"),"CM"," девятьсот"),"C"," сто"),"XL"," сорок"),"LXXX"," восемьдесят"),"LXX"," семьдесят"),"LX"," шестьдесят"),"L"," пятьдесят"),"XXX"," тридцать"),"XX"," двадцать"),"XIX"," девятнадцать"),"XVIII"," восемнадцать"),"XVII"," семнадцать"),"XVI"," шестнадцать"),"XV"," пятнадцать"),"XIV"," четырнадцать"),"XIII"," тринадцать"),"XII"," двенадцать"),"XI"," одиннадцать"),"IX"," девять"),"X"," десять"),"VIII"," восемь"),"VII"," семь"),"VI"," шесть"),"IV"," четыре"),"V"," пять"),"III"," три"),"II"," два"),"I"," один"),"один тысяч","одна тысяча"),"два тысяч","две тысячи"),"три тысяч","три тысячи"),"четыре тысяч","четыре тысячи"),"один миллионов","один миллион"),"два миллионов","два миллиона"),"три миллионов","три миллиона"),"четыре миллионов","четыре миллиона"),"один рублей","один рубль"),"два рублей","два рубля"),"три рублей","три рубля"),"четыре рублей","четыре рубля")),"миллион тысяч","миллион"),"миллиона тысяч","миллиона"),"миллионов тысяч","миллионов")&" "&SUBSTITUTE(SUBSTITUTE(SUBSTITUTE(SUBSTITUTE(SUBSTITUTE(SUBSTITUTE(SUBSTITUTE(SUBSTITUTE(RIGHT(ROUND(G28*1000*100,0),2)&" копеек","1 копеек","1 копейка"),"2 копеек","2 копейки"),"3 копеек","3 копейки"),"4 копеек","4 копейки"),"11 копейка","11 копеек"),"12 копейки","12 копеек"),"13 копейки","13 копеек"),"14 копейки","14 копеек")," ","Z")),"z"," "),"Z"," ")

Sheet ШАБЛОН_смета
E1: =CONCATENATE("Приложение №3.",F1,".1.1")
A6: =CONCATENATE("СМЕТА № ",F6,".01.01")
A55: =CONCATENATE("Всего по смете с НДС: ",SUBSTITUTE(SUBSTITUTE(PROPER(SUBSTITUTE(SUBSTITUTE(SUBSTITUTE(SUBSTITUTE(TRIM(SUBSTITUTE(SUBSTITUTE(SUBSTITUTE(SUBSTITUTE(SUBSTITUTE(SUBSTITUTE(SUBSTITUTE(SUBSTITUTE(SUBSTITUTE(SUBSTITUTE(SUBSTITUTE(SUBSTITUTE(SUBSTITUTE(SUBSTITUTE(SUBSTITUTE(SUBSTITUTE(SUBSTITUTE(SUBSTITUTE(SUBSTITUTE(SUBSTITUTE(SUBSTITUTE(SUBSTITUTE(SUBSTITUTE(SUBSTITUTE(SUBSTITUTE(SUBSTITUTE(SUBSTITUTE(SUBSTITUTE(SUBSTITUTE(SUBSTITUTE(SUBSTITUTE(SUBSTITUTE(SUBSTITUTE(SUBSTITUTE(SUBSTITUTE(SUBSTITUTE(SUBSTITUTE(SUBSTITUTE(SUBSTITUTE(SUBSTITUTE(SUBSTITUTE(SUBSTITUTE(SUBSTITUTE(SUBSTITUTE(SUBSTITUTE(SUBSTITUTE(SUBSTITUTE(SUBSTITUTE(IF(LEN(ROUNDDOWN(E53*1000,0))>6,ROMAN(MID(ROUNDDOWN(E53*1000,0),1,LEN(ROUNDDOWN(E53*1000,0))-6)+0)&" миллионов "&ROMAN(MID(ROUNDDOWN(E53*1000,0),LEN(ROUNDDOWN(E53*1000,0))-5,3)+0)&" тысяч "&ROMAN(MID(ROUNDDOWN(E53*1000,0),LEN(ROUNDDOWN(E53*1000,0))-2,3)+0)&" рублей",IF(LEN(ROUNDDOWN(E53*1000,0))>3,ROMAN(MID(ROUNDDOWN(E53*1000,0),1,LEN(ROUNDDOWN(E53*1000,0))-3)+0)&" тысяч "&ROMAN(MID(ROUNDDOWN(E53*1000,0),LEN(ROUNDDOWN(E53*1000,0))-2,3)+0)&" рублей",ROMAN(ROUNDDOWN(E53*1000,0))&" рублей")),"DCCC"," восемьсот"),"DCC"," семьсот"),"DC"," шестьсот"),"CD"," четыреста"),"XC"," девяносто"),"CCC"," триста"),"CC"," двести"),"D"," пятьсот"),"CM"," девятьсот"),"C"," сто"),"XL"," сорок"),"LXXX"," восемьдесят"),"LXX"," семьдесят"),"LX"," шестьдесят"),"L"," пятьдесят"),"XXX"," тридцать"),"XX"," двадцать"),"XIX"," девятнадцать"),"XVIII"," восемнадцать"),"XVII"," семнадцать"),"XVI"," шестнадцать"),"XV"," пятнадцать"),"XIV"," четырнадцать"),"XIII"," тринадцать"),"XII"," двенадцать"),"XI"," одиннадцать"),"IX"," девять"),"X"," десять"),"VIII"," восемь"),"VII"," семь"),"VI"," шесть"),"IV"," четыре"),"V"," пять"),"III"," три"),"II"," два"),"I"," один"),"один тысяч","одна тысяча"),"два тысяч","две тысячи"),"три тысяч","три тысячи"),"четыре тысяч","четыре тысячи"),"один миллионов","один миллион"),"два миллионов","два миллиона"),"три миллионов","три миллиона"),"четыре миллионов","четыре миллиона"),"один рублей","один рубль"),"два рублей","два рубля"),"три рублей","три рубля"),"четыре рублей","четыре рубля")),"миллион тысяч","миллион"),"миллиона тысяч","миллиона"),"миллионов тысяч","миллионов")&" "&SUBSTITUTE(SUBSTITUTE(SUBSTITUTE(SUBSTITUTE(SUBSTITUTE(SUBSTITUTE(SUBSTITUTE(SUBSTITUTE(RIGHT(ROUND(E53*1000*100,0),2)&" копеек","1 копеек","1 копейка"),"2 копеек","2 копейки"),"3 копеек","3 копейки"),"4 копеек","4 копейки"),"11 копейка","11 копеек"),"12 копейки","12 копеек"),"13 копейки","13 копеек"),"14 копейки","14 копеек")," ","Z")),"z"," "),"Z"," "))
